Title,Author,Price,Condition,Link
Animal Farm,"Orwell, George",9.32,jak nowa,https://skupszop.pl/animal-farm-orwell-george-9780008322052?id=6903449
Animal Farm,"Orwell, George",21.00,nowa,https://skupszop.pl/animal-farm-george-orwell-9781840228038?id=6862805
Nowy wspaniały świat,"Huxley, Aldous",26.52,nowa,https://skupszop.pl/nowy-wspanialy-swiat-aldous-huxley-9788328722941?id=2824220
Nowy wspaniały świat,"Huxley, Aldous",25.47,jak nowa,https://skupszop.pl/nowy-wspanialy-swiat-fred-fordham-9788382661521?id=6749430
Jedyny samolot na niebie. Historia mówiona zamachów z 11 września,"Graff, Garrett M.",9.87,jak nowa,https://skupszop.pl/jedyny-samolot-na-niebie-historia-mowiona-zamachow-garrett-m-9788382100761?id=6586357
Legenda,"Lu, Marie",6.27,dobry,https://skupszop.pl/legenda-nora-roberts-9788377784907?id=7063978
Legenda,"Lu, Marie",5.60,widoczne ślady używania,https://skupszop.pl/legenda-nora-roberts-9788377784907?id=7063978
Legenda,"Lu, Marie",23.37,jak nowa,https://skupszop.pl/legenda-jolanta-bartos-9788367788267?id=6740079
Miedziaki,"Whitehead, Colson",16.64,dobry,https://skupszop.pl/miedziaki-colson-whitehead-9788381256148?id=7099623
Rdza,"Małecki, Jakub",26.58,jak nowa,https://skupszop.pl/rdza-jakub-malecki-9788365836250?id=4814014
Rdza,"Małecki, Jakub",2.15,widoczne ślady używania,https://skupszop.pl/rdza-nowakowski-rafal-9788324710560?id=6339560
Święto ognia,"Małecki, Jakub",29.54,dobry,https://skupszop.pl/swieto-ognia-jakub-malecki-9788382100938?id=6306822
"Strasznie głośno, niesamowicie blisko","Foer, Jonathan Safran",21.23,dobry,https://skupszop.pl/strasznie-glosno-niesamowicie-blisko-foer-jonathan-safran-9788377476895?id=6362804
Włoski nauczyciel,"Rachman, Tom",18.15,jak nowa,https://skupszop.pl/wloski-nauczyciel-tom-rachman-9788324049073?id=5871806
Włoski nauczyciel,"Rachman, Tom",20.18,dobry,https://skupszop.pl/wloski-nauczyciel-tom-rachman-9788324049073?id=5871806
Kwiaty dla Algernona,"Keyes, Daniel",29.42,nowa,https://skupszop.pl/kwiaty-dla-algernona-daniel-keyes-9788380625945?id=1160374
Słowik,"Hannah, Kristin",4.60,jak nowa,https://skupszop.pl/slowik-gallaway-morgana-9788376593852?id=6112809
Słowik,"Hannah, Kristin",3.24,widoczne ślady używania,https://skupszop.pl/slowik-gallaway-morgana-9788376593852?id=6112809
Słowik,"Hannah, Kristin",11.76,nowa,https://skupszop.pl/slowik-praca-zbiorowa-9788382401196?id=5531186
Słowik,"Hannah, Kristin",3.80,jak nowa,https://skupszop.pl/slowik-praca-zbiorowa-9788382401196?id=5531186
Taśmy rodzinne,"Marcisz, Maciej",3.18,jak nowa,https://skupszop.pl/tasmy-rodzinne-maciej-marcisz-9788328095274?id=6982719
Taśmy rodzinne,"Marcisz, Maciej",3.01,dobry,https://skupszop.pl/tasmy-rodzinne-maciej-marcisz-9788328095274?id=6982719
Taśmy rodzinne,"Marcisz, Maciej",8.16,jak nowa,https://skupszop.pl/tasmy-rodzinne-maciej-marcisz-9788328066250?id=5869578
Taśmy rodzinne,"Marcisz, Maciej",7.77,dobry,https://skupszop.pl/tasmy-rodzinne-maciej-marcisz-9788328066250?id=5869578
Taśmy rodzinne,"Marcisz, Maciej",12.17,dobry,https://skupszop.pl/tasmy-rodzinne-maciej-marcisz-9788383187624?id=6583811
Taśmy rodzinne,"Marcisz, Maciej",23.87,nowa,https://skupszop.pl/tasmy-rodzinne-maciej-marcisz-9788327250001?id=2171356
Czerwony Mars,"Robinson, Kim Stanley",11.70,nowa,https://skupszop.pl/czerwony-marsz-karol-hubert-rostworowski-9788366715653?id=7038442
Czerwony Mars,"Robinson, Kim Stanley",5.50,jak nowa,https://skupszop.pl/czerwony-marsz-karol-hubert-rostworowski-9788366715653?id=7038442
Lekcje,"McEwan, Ian",22.35,jak nowa,https://skupszop.pl/lekcje-ian-mcewan-9788367338653?id=6968981
Czasy secondhand. Koniec czerwonego człowieka,"Alexievich, Svetlana",20.42,jak nowa,https://skupszop.pl/czasy-secondhand-koniec-czerwonego-czlowieka-swietlana-aleksijewicz-9788380491328?id=6636054
Czasy secondhand. Koniec czerwonego człowieka,"Alexievich, Svetlana",25.52,jak nowa,https://skupszop.pl/czasy-second-hand-koniec-czerwonego-czlowieka-swietlana-aleksijewicz-9788375368505?id=6124431
Czasy secondhand. Koniec czerwonego człowieka,"Alexievich, Svetlana",21.39,dobry,https://skupszop.pl/czasy-second-hand-koniec-czerwonego-czlowieka-swietlana-aleksijewicz-9788375368505?id=6124431
Ostre przedmioty,"Flynn, Gillian",7.29,widoczne ślady używania,https://skupszop.pl/ostre-przedmioty-flynn-gillian-9788377784952?id=7096226
Ostre przedmioty,"Flynn, Gillian",28.53,jak nowa,https://skupszop.pl/ostre-przedmioty-gillian-flynn-9788324048304?id=5570288
Asfaltowa pustynia,"Cosby, S.A.",19.38,jak nowa,https://skupszop.pl/asfaltowa-pustynia-s-a-cosby-9788383800479?id=7085228
Limes inferior,"Zajdel, Janusz A.",24.35,nowa,https://skupszop.pl/limes-inferior-janusz-andrzej-zajdel-9788366817081?id=2133755
